{
	"partitions" : [
		{
			"name" : "Top",
			"pins" : [
				{
					"name" : "lcd_data[0]",
					"strict" : false
				},
				{
					"name" : "lcd_data[1]",
					"strict" : false
				},
				{
					"name" : "lcd_data[2]",
					"strict" : false
				},
				{
					"name" : "lcd_data[3]",
					"strict" : false
				},
				{
					"name" : "lcd_data[4]",
					"strict" : false
				},
				{
					"name" : "lcd_data[5]",
					"strict" : false
				},
				{
					"name" : "lcd_data[6]",
					"strict" : false
				},
				{
					"name" : "lcd_data[7]",
					"strict" : false
				},
				{
					"name" : "lcd_en",
					"strict" : false
				},
				{
					"name" : "lcd_rs",
					"strict" : false
				},
				{
					"name" : "seg1[0]",
					"strict" : false
				},
				{
					"name" : "seg1[1]",
					"strict" : false
				},
				{
					"name" : "seg1[2]",
					"strict" : false
				},
				{
					"name" : "seg1[3]",
					"strict" : false
				},
				{
					"name" : "seg1[4]",
					"strict" : false
				},
				{
					"name" : "seg1[5]",
					"strict" : false
				},
				{
					"name" : "seg1[6]",
					"strict" : false
				},
				{
					"name" : "seg2[0]",
					"strict" : false
				},
				{
					"name" : "seg2[1]",
					"strict" : false
				},
				{
					"name" : "seg2[2]",
					"strict" : false
				},
				{
					"name" : "seg2[3]",
					"strict" : false
				},
				{
					"name" : "seg2[4]",
					"strict" : false
				},
				{
					"name" : "seg2[5]",
					"strict" : false
				},
				{
					"name" : "seg2[6]",
					"strict" : false
				},
				{
					"name" : "VGA_HS",
					"strict" : false
				},
				{
					"name" : "VGA_VS",
					"strict" : false
				},
				{
					"name" : "VGA_BLANK",
					"strict" : false
				},
				{
					"name" : "VGA_G[0]",
					"strict" : false
				},
				{
					"name" : "VGA_G[2]",
					"strict" : false
				},
				{
					"name" : "VGA_G[4]",
					"strict" : false
				},
				{
					"name" : "VGA_G[6]",
					"strict" : false
				},
				{
					"name" : "VGA_B[1]",
					"strict" : false
				},
				{
					"name" : "VGA_B[3]",
					"strict" : false
				},
				{
					"name" : "VGA_B[5]",
					"strict" : false
				},
				{
					"name" : "VGA_B[7]",
					"strict" : false
				},
				{
					"name" : "ps2_clock",
					"strict" : false
				},
				{
					"name" : "ps2_data",
					"strict" : false
				},
				{
					"name" : "CLOCK_50",
					"strict" : false
				},
				{
					"name" : "resetn",
					"strict" : false
				}
			]
		}
	]
}